time,token,status,reason,volume_usdc,small_test_usdc,buy_place,sell_place,backup_place,token_amount,usdc_back,backup_usdc_back,buy_slippage,sell_slippage,profit_usd,profit_percent,backup_profit_percent,spread_percent,route_pair,is_near_profit,buy_dexes_checked,sell_dexes_checked
2026-04-29 12:25:07,AAVE,ok,,500,125.0,KyberSwap,Odos,Sushi,5.08350924546357,497.8081,497.328,0.0221,0.0451,-2.2213,-0.4443,-0.5358,-0.4384,KyberSwap -> Odos,False,6,5
2026-04-29 12:25:07,WBTC,ok,,500,125.0,KyberSwap,Odos,Sushi,0.00644586,499.58,499.4406,0.0016,0.0001,-0.4364,-0.0873,-0.1141,-0.084,KyberSwap -> Odos,False,6,5
2026-04-29 12:25:09,WETH,ok,,500,125.0,KyberSwap,Odos,Sushi,0.21341592559669964,499.7873,499.6207,0.0004,-0.0299,-0.2236,-0.0447,-0.0772,-0.0425,KyberSwap -> Odos,True,6,5
2026-04-29 12:25:18,AAVE,ok,,1000,250.0,KyberSwap,Odos,Sushi,10.163654832767868,994.6027,994.0601,0.0451,0.0469,-5.4494,-0.5449,-0.5947,-0.5397,KyberSwap -> Odos,False,6,5
2026-04-29 12:25:19,WBTC,ok,,1000,250.0,KyberSwap,Odos,Sushi,0.01289097,999.1057,998.7291,0.0052,-0.0004,-0.915,-0.0915,-0.1279,-0.0894,KyberSwap -> Odos,False,6,5
2026-04-29 12:25:21,WETH,ok,,1000,250.0,KyberSwap,Odos,Sushi,0.4268095761539087,999.2257,999.1073,0.001,-0.0003,-0.7938,-0.0794,-0.09,-0.0774,KyberSwap -> Odos,False,6,5
2026-04-29 12:25:30,WBTC,ok,,2000,500.0,KyberSwap,Odos,Sushi,0.0257808,1998.0988,1996.998,0.0082,0.0005,-1.9283,-0.0964,-0.1511,-0.0951,KyberSwap -> Odos,False,6,4
2026-04-29 12:25:31,AAVE,ok,,2000,500.0,KyberSwap,Odos,Sushi,20.320563457879253,1987.5866,1986.7437,0.0621,0.0482,-12.4687,-0.6234,-0.6632,-0.6207,KyberSwap -> Odos,False,6,5
2026-04-29 12:25:31,WETH,ok,,2000,500.0,KyberSwap,Odos,Sushi,0.8536217138583317,1998.4512,1997.9046,0.0007,0.0003,-1.5714,-0.0786,-0.1049,-0.0774,KyberSwap -> Odos,False,6,5
2026-04-29 12:25:42,AAVE,ok,,5000,1250.0,KyberSwap,Odos,Sushi,50.75700039595517,4960.0502,4957.9847,0.1105,0.0732,-40.058,-0.8012,-0.8406,-0.799,KyberSwap -> Odos,False,6,5
2026-04-29 12:25:44,WETH,ok,,5000,1250.0,KyberSwap,Odos,Sushi,2.1340283289959427,4995.974,4992.5541,0.0018,0.0019,-4.0615,-0.0812,-0.149,-0.0805,KyberSwap -> Odos,False,6,5
2026-04-29 12:25:44,WBTC,ok,,5000,1250.0,Odos,KyberSwap,Sushi,0.06444397,4996.5813,4989.4583,0.0151,0.0038,-3.5128,-0.0703,-0.2125,-0.0684,Odos -> KyberSwap,False,6,5
2026-04-29 12:25:54,LINK,ok,,500,125.0,KyberSwap,Odos,Sushi,53.135480741013346,499.0032,498.813,0.0482,0.0163,-1.0296,-0.2059,-0.2396,-0.1994,KyberSwap -> Odos,False,6,5
2026-04-29 12:25:56,CRV,ok,,500,125.0,Odos,KyberSwap,0x/Matcha,2125.013453715248,492.8745,492.3204,0.3743,0.2597,-7.1901,-1.438,-1.5442,-1.4251,Odos -> KyberSwap,False,6,5
2026-04-29 12:25:57,UNI,ok,,500,125.0,Odos,KyberSwap,Sushi,150.37462634185766,496.1447,496.1071,0.1811,0.0514,-3.9191,-0.7838,-0.7892,-0.7711,Odos -> KyberSwap,False,6,5
2026-04-29 12:26:06,LINK,ok,,1000,250.0,KyberSwap,Odos,Sushi,106.25055286862944,997.5221,997.0038,0.0412,0.0291,-2.5192,-0.2519,-0.3013,-0.2478,KyberSwap -> Odos,False,6,5
2026-04-29 12:26:09,UNI,ok,,1000,250.0,Odos,Sushi,KyberSwap,300.47990184860106,990.5632,990.4589,0.171,0.0775,-9.5257,-0.9526,-0.9659,-0.9437,Odos -> Sushi,False,6,5
2026-04-29 12:26:13,CRV,ok,,1000,250.0,Odos,KyberSwap,0x/Matcha,4231.964199900168,975.8649,975.3048,0.6517,0.5728,-24.2768,-2.4277,-2.4804,-2.4135,Odos -> KyberSwap,False,6,5
2026-04-29 12:26:17,LINK,ok,,2000,500.0,Odos,KyberSwap,Sushi,212.46526006652928,1994.3138,1991.5525,0.0464,0.0511,-5.75,-0.2875,-0.4246,-0.2843,Odos -> KyberSwap,False,6,5
2026-04-29 12:26:21,UNI,ok,,2000,500.0,Odos,Sushi,KyberSwap,600.2325984599566,1975.2601,1975.2106,0.2457,0.1559,-24.8542,-1.2427,-1.2467,-1.237,Odos -> Sushi,False,6,5
2026-04-29 12:26:26,CRV,ok,,2000,500.0,Odos,KyberSwap,0x/Matcha,8395.902091165883,1917.1333,1915.2229,1.2737,0.9784,-82.9914,-4.1496,-4.2435,-4.1433,Odos -> KyberSwap,False,6,5
2026-04-29 12:26:30,LINK,ok,,5000,1250.0,Odos,KyberSwap,Sushi,530.9368150119701,4974.4666,4968.2875,0.0586,0.1316,-25.6616,-0.5132,-0.6363,-0.5107,Odos -> KyberSwap,False,6,5
2026-04-29 12:26:32,UNI,ok,,5000,1250.0,Odos,Sushi,KyberSwap,1494.4539115156135,4894.8234,4890.3657,0.5197,0.3909,-105.3526,-2.1071,-2.1969,-2.1035,Odos -> Sushi,False,6,5
2026-04-29 12:26:33,CRV,skipped,high_buy_slippage,5000,1250.0,Odos,,,20452.279563763997,,,3.1746,,,,,,,,6,
2026-04-29 12:26:35,SUSHI,skipped,high_buy_slippage,500,125.0,Odos,,,2237.6693198498624,,,2.2934,,,,,,,,6,
2026-04-29 12:26:40,SUSHI,skipped,high_buy_slippage,1000,250.0,Odos,,,4348.1772924450825,,,4.2852,,,,,,,,6,
2026-04-29 12:26:43,WMATIC,ok,,500,125.0,KyberSwap,Odos,Sushi,5371.205095579465,499.6004,499.4606,0.0142,0.0167,-0.4361,-0.0872,-0.1094,-0.0799,KyberSwap -> Odos,False,6,5
2026-04-29 12:26:46,DAI,ok,,500,125.0,KyberSwap,Odos,Sushi,499.96294300004047,499.9876,499.9032,0.0001,0.0006,-0.0229,-0.0046,-0.02,-0.0025,KyberSwap -> Odos,True,6,5
2026-04-29 12:26:46,SUSHI,skipped,high_buy_slippage,2000,500.0,Odos,,,8228.953907456627,,,8.063,,,,,,,,6,
2026-04-29 12:26:52,SUSHI,skipped,high_buy_slippage,5000,1250.0,Odos,,,17266.773087008623,,,19.4496,,,,,,,,6,
2026-04-29 12:26:56,DAI,ok,,1000,250.0,KyberSwap,Odos,Sushi,999.9252003564956,999.9742,999.8039,0.0001,0.0,-0.04,-0.004,-0.0199,-0.0026,KyberSwap -> Odos,True,6,5
2026-04-29 12:26:56,WMATIC,ok,,1000,250.0,Odos,KyberSwap,Sushi,10741.467664563244,999.0096,998.7542,0.0079,0.0142,-1.0164,-0.1016,-0.1258,-0.099,Odos -> KyberSwap,False,6,5
2026-04-29 12:27:05,BAL,ok,,500,125.0,KyberSwap,Odos,0x/Matcha,3098.0083473468558,487.8415,486.9385,0.6494,0.5364,-12.2167,-2.4433,-2.6154,-2.4317,KyberSwap -> Odos,False,5,4
2026-04-29 12:27:06,WMATIC,ok,,2000,500.0,KyberSwap,Odos,Sushi,21476.507191870507,1997.3715,1996.9627,0.0172,0.0082,-2.6811,-0.1341,-0.1531,-0.1314,KyberSwap -> Odos,False,6,5
2026-04-29 12:27:14,DAI,ok,,2000,500.0,KyberSwap,Odos,Sushi,1999.8492049623524,1999.9211,1999.6021,0.0002,0.0013,-0.0952,-0.0048,-0.0201,-0.0039,KyberSwap -> Odos,True,6,5
2026-04-29 12:27:16,BAL,skipped,sell_slippage_filtered_all,1000,250.0,KyberSwap,,,6149.663095340015,,,1.1638,,,,,,,,5,4
2026-04-29 12:27:19,WMATIC,ok,,5000,1250.0,Odos,KyberSwap,Sushi,53677.16182756461,4994.8564,4989.3665,0.0325,0.0033,-5.2013,-0.104,-0.2135,-0.1029,Odos -> KyberSwap,False,6,5
2026-04-29 12:27:21,BAL,skipped,high_buy_slippage,2000,500.0,KyberSwap,,,12102.03574252945,,,2.3321,,,,,,,,5,
2026-04-29 12:27:26,BAL,skipped,high_buy_slippage,5000,1250.0,KyberSwap,,,28855.778050778194,,,5.7694,,,,,,,,5,
2026-04-29 12:27:30,GRT,ok,,500,125.0,Odos,0x/Matcha,KyberSwap,19445.737350343756,476.5441,476.4618,1.5355,0.9916,-23.498,-4.6996,-4.7203,-4.6912,Odos -> 0x/Matcha,False,5,4
2026-04-29 12:27:32,DAI,ok,,5000,1250.0,KyberSwap,Odos,Sushi,4999.616637883368,4999.7405,4998.9799,0.0002,0.0005,-0.2751,-0.0055,-0.0205,-0.0052,KyberSwap -> Odos,True,6,5
2026-04-29 12:27:36,GRT,skipped,high_buy_slippage,1000,250.0,KyberSwap,,,38136.44375498897,,,2.798,,,,,,,,5,
2026-04-29 12:27:36,SNX,ok,,500,125.0,0x/Matcha,Odos,KyberSwap,1519.2745151126842,472.0074,470.708,1.904,1.2892,-28.0313,-5.6063,-5.8636,-5.5985,0x/Matcha -> Odos,False,5,4
2026-04-29 12:28:07,DPI,skipped,high_buy_slippage,500,125.0,KyberSwap,,,8.118481301793473,,,16.0559,,,,,,,,5,
2026-04-29 12:28:08,COMP,skipped,no_buy_quotes,500,125.0,,,,,,,,,,,,,,,0,
2026-04-29 12:28:10,DPI,skipped,high_buy_slippage,1000,250.0,KyberSwap,,,13.507696911044528,,,25.1015,,,,,,,,5,
2026-04-29 12:28:21,DPI,skipped,high_buy_slippage,2000,500.0,KyberSwap,,,20.120278418166976,,,38.0414,,,,,,,,5,
2026-04-29 12:28:22,COMP,skipped,no_buy_quotes,1000,250.0,,,,,,,,,,,,,,,0,
2026-04-29 12:28:24,COMP,skipped,no_buy_quotes,2000,500.0,,,,,,,,,,,,,,,0,
2026-04-29 12:28:26,DPI,skipped,high_buy_slippage,5000,1250.0,KyberSwap,,,27.716067260178033,,,55.4457,,,,,,,,5,
2026-04-29 12:28:26,COMP,skipped,no_buy_quotes,5000,1250.0,,,,,,,,,,,,,,,0,
2026-04-29 12:28:27,MKR,ok,,500,125.0,KyberSwap,Odos,Sushi,0.23772424355859356,478.2649,478.1651,1.3238,0.8715,-21.7857,-4.3571,-4.3697,-4.347,KyberSwap -> Odos,False,5,5
2026-04-29 12:28:32,MKR,skipped,high_buy_slippage,1000,250.0,Odos,,,0.46721257210177425,,,2.6071,,,,,,,,5,
2026-04-29 12:28:32,SUSHI.e,skipped,high_buy_slippage,500,125.0,Odos,,,2235.9738788375585,,,2.3137,,,,,,,,6,
